{
	"credit": "Made with Blockbench",
	"ambientocclusion": false,
	"textures": {
		"2": "block/vine_nan2uu_2",
		"particle": "block/vine_item"
	},
	"elements": [
		{
			"from": [0, 9.10474, -2.10506],
			"to": [16, 17.75474, -2.10506],
			"rotation": {"angle": -22.5, "axis": "x", "origin": [8, 22.10474, 5.89494]},
			"faces": {
				"north": {"uv": [0, 0, 8, 4.5], "texture": "#2", "tintindex": 0},
				"south": {"uv": [0, 0, 8, 4.5], "texture": "#2", "tintindex": 0}
			}
		},
		{
			"from": [0, 1.10474, -2.10506],
			"to": [16, 10.75474, -2.10506],
			"rotation": {"angle": -22.5, "axis": "x", "origin": [8, 15.10474, 5.89494]},
			"faces": {
				"north": {"uv": [0, 4, 8, 9], "texture": "#2", "tintindex": 0},
				"south": {"uv": [0, 4, 8, 9], "texture": "#2", "tintindex": 0}
			}
		},
		{
			"from": [0, -3, 1.65],
			"to": [16, 15, 1.65],
			"rotation": {"angle": 0, "axis": "y", "origin": [8, 8, 8.65]},
			"faces": {
				"north": {"uv": [16, 0, 8, 10], "texture": "#2", "tintindex": 0},
				"south": {"uv": [8, 0, 16, 10], "texture": "#2", "tintindex": 0}
			}
		},
		{
			"from": [0, -2, 2.15],
			"to": [16, 14, 2.15],
			"rotation": {"angle": 0, "axis": "y", "origin": [8, 7, 9.15]},
			"faces": {
				"north": {"uv": [8, 8.5, 0, 16], "texture": "#2"},
				"south": {"uv": [0, 8.5, 8, 16], "texture": "#2"}
			}
		}
	]
}